
/* Defined user roles */
INSERT INTO location
        (id, country, name)
VALUES
        ('2aef5795-783a-4303-a1b1-0c4eb9e8165a', 'India', 'Pune'),
        ('cf7072e2-3f0a-4e1e-846f-248ebc56eca9', 'India', 'Gurgaon');

/* Defined user roles */
INSERT INTO location_block
        (id, name, locations_id)
VALUES
        ('b3f6d0d3-3e0a-45a0-a4f6-0550b88c6780',  '1','cf7072e2-3f0a-4e1e-846f-248ebc56eca9'),
        ('b115f999-994d-4ba2-8090-4360c5328100',  '2','cf7072e2-3f0a-4e1e-846f-248ebc56eca9'),
        ('7c84a8db-332a-429d-b110-098d96c74274',  '3','cf7072e2-3f0a-4e1e-846f-248ebc56eca9'),
        ('3885e55d-efea-4653-acc6-aa55caad08a8',  '4','cf7072e2-3f0a-4e1e-846f-248ebc56eca9'),
        ('d0d9c70d-0b7b-4e02-9bf2-ce16561b7e8d',  '5','cf7072e2-3f0a-4e1e-846f-248ebc56eca9'),
        ('df441220-d81f-11ec-9d64-0242ac120002',  'A','2aef5795-783a-4303-a1b1-0c4eb9e8165a'),
        ('ec975a68-d81f-11ec-9d64-0242ac120002',  'B','2aef5795-783a-4303-a1b1-0c4eb9e8165a'),
        ('14a0783e-c540-11ec-9d64-0242ac120002',  'C','2aef5795-783a-4303-a1b1-0c4eb9e8165a'),
        ('f70a0f5e-d81f-11ec-9d64-0242ac120002',  'D','2aef5795-783a-4303-a1b1-0c4eb9e8165a'),
        ('1c8bc67c-746b-4cd0-9fdb-f2589c7c829e',  'E','2aef5795-783a-4303-a1b1-0c4eb9e8165a'),        
        ('ae2a5aac-275a-4213-ae42-35d1ddffb643',  'F1','2aef5795-783a-4303-a1b1-0c4eb9e8165a'),
		('2eb2bc55-af9c-46d0-9acd-986b9614f2a4',  'F2','2aef5795-783a-4303-a1b1-0c4eb9e8165a');        

/* Defined user roles */
INSERT INTO seat
        (id, seat_number, seat_type, seat_info, location_block_id)
VALUES
     (gen_random_uuid(), '1', 'OPEN', '{"desk_shape" : "LNR"}', 'b3f6d0d3-3e0a-45a0-a4f6-0550b88c6780'),
     (gen_random_uuid(), '2', 'FIX', '{"desk_shape" : "LNR"}','b3f6d0d3-3e0a-45a0-a4f6-0550b88c6780'),
     (gen_random_uuid(), '3', 'OPEN', '{"desk_shape" : "LNR"}', 'b3f6d0d3-3e0a-45a0-a4f6-0550b88c6780'),
     (gen_random_uuid(), '4', 'OPEN', '{"desk_shape" : "LNR"}', 'b3f6d0d3-3e0a-45a0-a4f6-0550b88c6780'),
     (gen_random_uuid(), '5', 'FIX', '{"desk_shape" : "L"}', 'b3f6d0d3-3e0a-45a0-a4f6-0550b88c6780'),
     (gen_random_uuid(), '6', 'FIX', '{"desk_shape" : "L"}', 'b3f6d0d3-3e0a-45a0-a4f6-0550b88c6780'),
     (gen_random_uuid(), '7', 'OPEN', '{"desk_shape" : "L"}', 'b3f6d0d3-3e0a-45a0-a4f6-0550b88c6780'),
     (gen_random_uuid(), '8', 'OPEN', '{"desk_shape" : "L"}', 'b3f6d0d3-3e0a-45a0-a4f6-0550b88c6780'),
     (gen_random_uuid(), '9', 'OPEN', '{"desk_shape" : "L"}', 'b3f6d0d3-3e0a-45a0-a4f6-0550b88c6780'),
     (gen_random_uuid(), '10', 'OPEN', '{"desk_shape" : "L"}', 'b3f6d0d3-3e0a-45a0-a4f6-0550b88c6780'),
     (gen_random_uuid(), '11', 'FIX', '{"desk_shape" : "L"}', 'b3f6d0d3-3e0a-45a0-a4f6-0550b88c6780'),
     (gen_random_uuid(), '12', 'OPEN', '{"desk_shape" : "L"}', 'b3f6d0d3-3e0a-45a0-a4f6-0550b88c6780'), 
     (gen_random_uuid(), '13', 'OPEN', '{"desk_shape" : "L"}', 'b3f6d0d3-3e0a-45a0-a4f6-0550b88c6780'),
     (gen_random_uuid(), '14', 'OPEN', '{"desk_shape" : "L"}', 'b3f6d0d3-3e0a-45a0-a4f6-0550b88c6780'),
     (gen_random_uuid(), '15', 'OPEN', '{"desk_shape" : "L"}', 'b3f6d0d3-3e0a-45a0-a4f6-0550b88c6780'),
     (gen_random_uuid(), '16', 'FIX', '{"desk_shape" : "L"}', 'b3f6d0d3-3e0a-45a0-a4f6-0550b88c6780'),
     (gen_random_uuid(), '17', 'FIX', '{"desk_shape" : "L"}', 'b3f6d0d3-3e0a-45a0-a4f6-0550b88c6780'),
     (gen_random_uuid(), '18', 'FIX', '{"desk_shape" : "L"}', 'b3f6d0d3-3e0a-45a0-a4f6-0550b88c6780'), 
     (gen_random_uuid(), '19', 'OPEN', '{"desk_shape" : "L"}', 'b3f6d0d3-3e0a-45a0-a4f6-0550b88c6780'),
     (gen_random_uuid(), '20', 'OPEN', '{"desk_shape" : "L"}', 'b3f6d0d3-3e0a-45a0-a4f6-0550b88c6780'),
     (gen_random_uuid(), '21', 'OPEN', '{"desk_shape" : "L"}', 'b3f6d0d3-3e0a-45a0-a4f6-0550b88c6780'),
     (gen_random_uuid(), '22', 'FIX', '{"desk_shape" : "L"}', 'b3f6d0d3-3e0a-45a0-a4f6-0550b88c6780'),
     (gen_random_uuid(), '23', 'FIX', '{"desk_shape" : "L"}', 'b3f6d0d3-3e0a-45a0-a4f6-0550b88c6780'),
     (gen_random_uuid(), '24', 'OPEN', '{"desk_shape" : "L"}', 'b3f6d0d3-3e0a-45a0-a4f6-0550b88c6780'), 
     (gen_random_uuid(), '25', 'OPEN', '{"desk_shape" : "L"}', 'b3f6d0d3-3e0a-45a0-a4f6-0550b88c6780'),
     (gen_random_uuid(), '26', 'FIX', '{"desk_shape" : "L"}', 'b3f6d0d3-3e0a-45a0-a4f6-0550b88c6780'),
     (gen_random_uuid(), '27', 'FIX', '{"desk_shape" : "L"}', 'b3f6d0d3-3e0a-45a0-a4f6-0550b88c6780'),
     (gen_random_uuid(), '28', 'FIX', '{"desk_shape" : "L"}', 'b3f6d0d3-3e0a-45a0-a4f6-0550b88c6780'),
     (gen_random_uuid(), '29', 'OPEN', '{"desk_shape" : "L"}', 'b3f6d0d3-3e0a-45a0-a4f6-0550b88c6780'),
     (gen_random_uuid(), '30', 'FIX', '{"desk_shape" : "L"}', 'b3f6d0d3-3e0a-45a0-a4f6-0550b88c6780'),
     (gen_random_uuid(), '31', 'OPEN', '{"desk_shape" : "L"}', 'b3f6d0d3-3e0a-45a0-a4f6-0550b88c6780'),

     (gen_random_uuid(), '1', 'OPEN', '{"desk_shape" : "L"}', 'b115f999-994d-4ba2-8090-4360c5328100'),
     (gen_random_uuid(), '2', 'OPEN', '{"desk_shape" : "L"}', 'b115f999-994d-4ba2-8090-4360c5328100'),
     (gen_random_uuid(), '3', 'OPEN', '{"desk_shape" : "L"}', 'b115f999-994d-4ba2-8090-4360c5328100'),
     (gen_random_uuid(), '4', 'OPEN', '{"desk_shape" : "L"}', 'b115f999-994d-4ba2-8090-4360c5328100'),
     (gen_random_uuid(), '5', 'FIX', '{"desk_shape" : "L"}', 'b115f999-994d-4ba2-8090-4360c5328100'),
     (gen_random_uuid(), '6', 'FIX', '{"desk_shape" : "L"}', 'b115f999-994d-4ba2-8090-4360c5328100'),
     (gen_random_uuid(), '7', 'OPEN', '{"desk_shape" : "L"}', 'b115f999-994d-4ba2-8090-4360c5328100'),
     (gen_random_uuid(), '8', 'OPEN', '{"desk_shape" : "L"}', 'b115f999-994d-4ba2-8090-4360c5328100'),
     (gen_random_uuid(), '9', 'OPEN', '{"desk_shape" : "L"}', 'b115f999-994d-4ba2-8090-4360c5328100'),
     (gen_random_uuid(), '10', 'OPEN', '{"desk_shape" : "L"}', 'b115f999-994d-4ba2-8090-4360c5328100'),
     (gen_random_uuid(), '11', 'OPEN', '{"desk_shape" : "L"}', 'b115f999-994d-4ba2-8090-4360c5328100'),
     (gen_random_uuid(), '12', 'OPEN', '{"desk_shape" : "L"}', 'b115f999-994d-4ba2-8090-4360c5328100'),
     (gen_random_uuid(), '13', 'OPEN', '{"desk_shape" : "L"}', 'b115f999-994d-4ba2-8090-4360c5328100'),
     (gen_random_uuid(), '14', 'OPEN', '{"desk_shape" : "L"}', 'b115f999-994d-4ba2-8090-4360c5328100'),
     (gen_random_uuid(), '15', 'FIX', '{"desk_shape" : "L"}', 'b115f999-994d-4ba2-8090-4360c5328100'),
     (gen_random_uuid(), '16', 'OPEN', '{"desk_shape" : "L"}', 'b115f999-994d-4ba2-8090-4360c5328100'),
     (gen_random_uuid(), '17', 'OPEN', '{"desk_shape" : "L"}', 'b115f999-994d-4ba2-8090-4360c5328100'),
     (gen_random_uuid(), '18', 'OPEN', '{"desk_shape" : "L"}', 'b115f999-994d-4ba2-8090-4360c5328100'),                                
     (gen_random_uuid(), '19', 'OPEN', '{"desk_shape" : "L"}', 'b115f999-994d-4ba2-8090-4360c5328100'),
     (gen_random_uuid(), '20', 'OPEN', '{"desk_shape" : "L"}', 'b115f999-994d-4ba2-8090-4360c5328100'),
     (gen_random_uuid(), '21', 'OPEN', '{"desk_shape" : "L"}', 'b115f999-994d-4ba2-8090-4360c5328100'),     
     (gen_random_uuid(), '22','OPEN', '{"desk_shape" : "L"}', 'b115f999-994d-4ba2-8090-4360c5328100'),
     (gen_random_uuid(), '23', 'OPEN', '{"desk_shape" : "L"}', 'b115f999-994d-4ba2-8090-4360c5328100'),
     (gen_random_uuid(), '24', 'OPEN', '{"desk_shape" : "L"}', 'b115f999-994d-4ba2-8090-4360c5328100'),
     (gen_random_uuid(), '25', 'OPEN', '{"desk_shape" : "L"}', 'b115f999-994d-4ba2-8090-4360c5328100'),
     (gen_random_uuid(), '26', 'OPEN', '{"desk_shape" : "L"}', 'b115f999-994d-4ba2-8090-4360c5328100'),                                
     (gen_random_uuid(), '27', 'OPEN', '{"desk_shape" : "L"}', 'b115f999-994d-4ba2-8090-4360c5328100'),
     (gen_random_uuid(), '28', 'OPEN', '{"desk_shape" : "L"}', 'b115f999-994d-4ba2-8090-4360c5328100'),

     (gen_random_uuid(), '1', 'FIX', '{"desk_shape" : "LNR"}', '7c84a8db-332a-429d-b110-098d96c74274'),
     (gen_random_uuid(), '2', 'FIX', '{"desk_shape" : "LNR"}', '7c84a8db-332a-429d-b110-098d96c74274'),
     (gen_random_uuid(), '3', 'FIX', '{"desk_shape" : "L"}', '7c84a8db-332a-429d-b110-098d96c74274'),
     (gen_random_uuid(), '4', 'FIX', '{"desk_shape" : "L"}', '7c84a8db-332a-429d-b110-098d96c74274'),
     (gen_random_uuid(), '5', 'FIX', '{"desk_shape" : "L"}', '7c84a8db-332a-429d-b110-098d96c74274'),
     (gen_random_uuid(), '6', 'FIX', '{"desk_shape" : "L"}', '7c84a8db-332a-429d-b110-098d96c74274'),
     (gen_random_uuid(), '7', 'FIX', '{"desk_shape" : "L"}', '7c84a8db-332a-429d-b110-098d96c74274'),
     (gen_random_uuid(), '8', 'FIX', '{"desk_shape" : "L"}', '7c84a8db-332a-429d-b110-098d96c74274'),
     (gen_random_uuid(), '9', 'FIX', '{"desk_shape" : "L"}', '7c84a8db-332a-429d-b110-098d96c74274'),
     (gen_random_uuid(), '10', 'FIX', '{"desk_shape" : "L"}', '7c84a8db-332a-429d-b110-098d96c74274'),
     (gen_random_uuid(), '11', 'FIX', '{"desk_shape" : "L"}', '7c84a8db-332a-429d-b110-098d96c74274'),
     (gen_random_uuid(), '12', 'FIX', '{"desk_shape" : "L"}', '7c84a8db-332a-429d-b110-098d96c74274'),
     (gen_random_uuid(), '13', 'FIX', '{"desk_shape" : "L"}', '7c84a8db-332a-429d-b110-098d96c74274'),
     (gen_random_uuid(), '14', 'OPEN', '{"desk_shape" : "L"}', '7c84a8db-332a-429d-b110-098d96c74274'),
     (gen_random_uuid(), '15', 'OPEN', '{"desk_shape" : "L"}', '7c84a8db-332a-429d-b110-098d96c74274'),
     (gen_random_uuid(), '16', 'OPEN', '{"desk_shape" : "L"}', '7c84a8db-332a-429d-b110-098d96c74274'),
     (gen_random_uuid(), '17', 'FIX', '{"desk_shape" : "L"}', '7c84a8db-332a-429d-b110-098d96c74274'),
     (gen_random_uuid(), '18', 'FIX', '{"desk_shape" : "L"}', '7c84a8db-332a-429d-b110-098d96c74274'),
     (gen_random_uuid(), '19', 'OPEN', '{"desk_shape" : "L"}', '7c84a8db-332a-429d-b110-098d96c74274'),

     (gen_random_uuid(), '1', 'FIX', '{"desk_shape" : "L"}', '3885e55d-efea-4653-acc6-aa55caad08a8'),
     (gen_random_uuid(), '2', 'OPEN', '{"desk_shape" : "L"}', '3885e55d-efea-4653-acc6-aa55caad08a8'),
     (gen_random_uuid(), '3', 'OPEN', '{"desk_shape" : "L"}', '3885e55d-efea-4653-acc6-aa55caad08a8'),
     (gen_random_uuid(), '4', 'FIX', '{"desk_shape" : "L"}', '3885e55d-efea-4653-acc6-aa55caad08a8'),
     (gen_random_uuid(), '5', 'OPEN', '{"desk_shape" : "L"}', '3885e55d-efea-4653-acc6-aa55caad08a8'),
     (gen_random_uuid(), '6', 'FIX', '{"desk_shape" : "L"}', '3885e55d-efea-4653-acc6-aa55caad08a8'),
     (gen_random_uuid(), '7', 'FIX', '{"desk_shape" : "L"}', '3885e55d-efea-4653-acc6-aa55caad08a8'),
     (gen_random_uuid(), '8', 'FIX', '{"desk_shape" : "L"}', '3885e55d-efea-4653-acc6-aa55caad08a8'),
     (gen_random_uuid(), '9', 'OPEN', '{"desk_shape" : "L"}', '3885e55d-efea-4653-acc6-aa55caad08a8'),
     (gen_random_uuid(), '10', 'FIX', '{"desk_shape" : "L"}', '3885e55d-efea-4653-acc6-aa55caad08a8'),
     (gen_random_uuid(), '11', 'FIX', '{"desk_shape" : "L"}', '3885e55d-efea-4653-acc6-aa55caad08a8'),
     (gen_random_uuid(), '12', 'FIX', '{"desk_shape" : "L"}', '3885e55d-efea-4653-acc6-aa55caad08a8'),
     (gen_random_uuid(), '13', 'FIX', '{"desk_shape" : "L"}', '3885e55d-efea-4653-acc6-aa55caad08a8'),
     (gen_random_uuid(), '14', 'FIX', '{"desk_shape" : "L"}', '3885e55d-efea-4653-acc6-aa55caad08a8'),
     (gen_random_uuid(), '15', 'FIX', '{"desk_shape" : "L"}', '3885e55d-efea-4653-acc6-aa55caad08a8'),
     (gen_random_uuid(), '16', 'FIX', '{"desk_shape" : "L"}', '3885e55d-efea-4653-acc6-aa55caad08a8'),
     (gen_random_uuid(), '17', 'FIX', '{"desk_shape" : "L"}', '3885e55d-efea-4653-acc6-aa55caad08a8'),
     (gen_random_uuid(), '18', 'FIX', '{"desk_shape" : "L"}', '3885e55d-efea-4653-acc6-aa55caad08a8'),                                
     (gen_random_uuid(), '19', 'FIX', '{"desk_shape" : "L"}', '3885e55d-efea-4653-acc6-aa55caad08a8'),
     (gen_random_uuid(), '20', 'OPEN', '{"desk_shape" : "L"}', '3885e55d-efea-4653-acc6-aa55caad08a8'),
     (gen_random_uuid(), '21', 'FIX', '{"desk_shape" : "L"}', '3885e55d-efea-4653-acc6-aa55caad08a8'),     
     (gen_random_uuid(), '22', 'OPEN', '{"desk_shape" : "L"}', '3885e55d-efea-4653-acc6-aa55caad08a8'),

     (gen_random_uuid(), '1', 'OPEN', '{"desk_shape" : "L"}', 'd0d9c70d-0b7b-4e02-9bf2-ce16561b7e8d'),
     (gen_random_uuid(), '2', 'FIX', '{"desk_shape" : "L"}', 'd0d9c70d-0b7b-4e02-9bf2-ce16561b7e8d'),
     (gen_random_uuid(), '3', 'FIX', '{"desk_shape" : "L"}', 'd0d9c70d-0b7b-4e02-9bf2-ce16561b7e8d'),
     (gen_random_uuid(), '4', 'FIX', '{"desk_shape" : "L"}', 'd0d9c70d-0b7b-4e02-9bf2-ce16561b7e8d'),
     (gen_random_uuid(), '5', 'FIX', '{"desk_shape" : "L"}', 'd0d9c70d-0b7b-4e02-9bf2-ce16561b7e8d'),
     (gen_random_uuid(), '6', 'OPEN', '{"desk_shape" : "L"}', 'd0d9c70d-0b7b-4e02-9bf2-ce16561b7e8d'),
     (gen_random_uuid(), '7', 'FIX', '{"desk_shape" : "L"}', 'd0d9c70d-0b7b-4e02-9bf2-ce16561b7e8d'),
     (gen_random_uuid(), '8', 'FIX', '{"desk_shape" : "L"}', 'd0d9c70d-0b7b-4e02-9bf2-ce16561b7e8d'),
     (gen_random_uuid(), '9', 'OPEN', '{"desk_shape" : "L"}', 'd0d9c70d-0b7b-4e02-9bf2-ce16561b7e8d'),

